Type,Cost($),Power(kw),Carbon(kgco2eq)
CI,270.17,477.7232,105.6056
Optimal,190.82,44.851322,9.900793
