Metric,Current,Optimal
Cost,4061.84,4395.34
Power,1455.14,694.485882
Carbon,170.68,81.42874