Label,Value
CI,170.68
Optimal,81.42874
Best,112.887394
Good,176.5321