Label,Value
CI,1455.14
Optimal,694.485882
Best,962.145882
Good,1397.885882